title,date,abstract,DOI,source_url,authors,keywords,year,topic_ids,topic_names
Supporting Readability by Comprehending the Hierarchical Abstraction of a Software Project,24 February 2022,"Exploring the source code of a software system is a prevailing task that is frequently done by contributors to a system. Practitioners often use call graphs to aid in understanding the source code of an inadequately documented software system. Call graphs, when visualized, show caller and callee relationships between functions. A static call graph provides an overall structure of a software system and dynamic call graphs generated from dynamic execution logs can be used to trace program behaviour for a particular scenario. Unfortunately a call graph of an entire system can be very complicated and hard to understand. Hierarchically abstracting a call graph can be used to summarize an entire system’s structure and more easily comprehending function calls. In this work, we mine concepts from source code entities (functions) to generate a concept cluster tree with improved naming of cluster nodes to complement existing studies and facilitate more effective program comprehension for developers. We apply three different information retrieval techniques (TFIDF, LDA, and LSI) on function names and function name variants to label the nodes of a concept cluster tree generated by clustering execution paths. From our experiment in comparing automatic labelling with manual labeling by participants for 12 use cases, we found that among the techniques on average, TFIDF performs better with 64% matching. LDA and LSI had 37% and 23% matching respectively. In addition, using the words in function name variants performed at least 5% better in participant ratings for all three techniques on average for the use cases.",10.1145/3511430.3511441,https://dl.acm.org/doi/10.1145/3511430.3511441,"['Avijit Bhattacharjee', 'Banani Roy', 'Kevin Schneider']","['humancentered computing', 'information retrieval', 'information systems', 'management of computing and information systems', 'professional topics', 'social and professional topics', 'software and its engineering', 'software creation and management', 'software maintenance', 'software management', 'software notations and tools', 'software postdevelopment issues']",2022,"[-1, 1, 2]","['Ruído', 'Cenários de Uso', 'Fluxo de Controle & Grafos']"
Test2Feature: feature-based test traceability tool for highly configurable software,12 September 2022,"To ensure the quality of Highly Configurable Software (HCS) in an evolution and maintenance scenario is a challenging task. As HCSs evolve, new features are added, changed, or removed, which hampers the selection and evolution of test cases. The use of test traceability reports can help in this task, but there is a lack of studies addressing HCS test-to-feature traceability. Existing work usually are based on the variability model, which is not always available or updated. Some tools only link test cases to code lines. Considering this gap, this paper introduces Test2Feature, a tool that traces test cases to features using the source code of annotated HCSs, written in C/C++. The tool produces the following outputs: the code lines that correspond to each feature, the lines that correspond to each test case, and the test cases that are linked to each feature. Test2Feature is based only on the static analysis of the code. The traceability report produced can be used to ease different tasks related, for instance, to regression testing, feature management, and HCS evolution and maintenance.",10.1145/3503229.3547031,https://dl.acm.org/doi/10.1145/3503229.3547031,"['Willian D. F. Mendonça', 'Silvia R. Vergilio', 'Gabriela K. Michelon', 'Alexander Egyed', 'Wesley K. G. Assunção']","['process validation', 'reusability', 'software and its engineering', 'software creation and management', 'software defect analysis', 'software development techniques', 'software maintenance tools', 'software notations and tools', 'software product lines', 'software testing and debugging', 'software verification and validation', 'traceability']",2022,"[-1, 1]","['Ruído', 'Cenários de Uso']"
Executable Multi-Layered Software Models,25 July 2024,"This paper introduces a novel software visualisation and animation method, manifested in a prototype software tool - AnimArch. The introduced method is based on model fusion of static and dynamic models. The static model is represented by class diagram while the dynamic model is represented by source code written in high-level Object Action Language from xUML (executable UML). The class diagram defines architecture that is animated in response to real-time execution of the source code. Moreover, additional object diagram layer represents all object instances present in runtime. The AnimArch also features source code generation to Python, to bridge the gap from design to implementation. This paper provides detailed description of the modelling method and screenshots of the accompanying software tool.",10.1145/3643660.3643938,https://dl.acm.org/doi/10.1145/3643660.3643938,"['Lukas Radosky', 'Ivan Polasek']","['designing software', 'development frameworks and environments', 'object oriented frameworks', 'software and its engineering', 'software creation and management', 'software design engineering', 'software notations and tools', 'system description languages', 'unified modeling language uml']",2024,[1],['Cenários de Uso']
Re-Engineering Microservices into Web-Based Software Product Lines,01 September 2025,,10.1145/3748269.3748490,https://dl.acm.org/doi/10.1145/3748269.3748490,"['Rifqi Farel Muhammad', 'Bonaventura Galang Kristabel Angipanglipur Hatmasasmita', 'Syifa Afra Kamila Mumtaz', 'Maya Retno Ayu Setyautami', 'Ade Azurat']","['reusability', 'software and its engineering', 'software creation and management', 'software development techniques', 'software notations and tools', 'software product lines', 'system description languages', 'unified modeling language uml']",2025,"[-1, 1]","['Ruído', 'Cenários de Uso']"
Enhancing Model-Driven Reverse Engineering Using Machine Learning,23 May 2024,"Organizations often rely on large applications that are classified as legacy systems due to their dependence on outdated programming languages or platforms. To modernize these systems, it is necessary to understand their architecture, functionality, and business rules. Our research aims to define a novel model-driven reverse engineering (MDRE) approach to extract Unified Modeling Language (UML) and Object Constraint Language (OCL) representations from source code using Large Language Models (LLMs).",10.1145/3639478.3639797,https://dl.acm.org/doi/10.1145/3639478.3639797,['Hanan Abdulwahab Siala'],[],2024,['Other'],['Cluster Other']
An Empirical Study of Code Simplification Methods in Code Intelligence Tasks,27 February 2025,"In recent years, pre-trained language models have seen significant success in natural language processing and have been increasingly applied to code-related tasks. Code intelligence tasks have shown promising performance with the support of code pre-trained language models. Pre-processing code simplification methods have been introduced to prune code tokens from the model’s input while maintaining task effectiveness. These methods improve the efficiency of code intelligence tasks while reducing computational costs. Post-prediction code simplification methods provide explanations for code intelligence task outcomes, enhancing the reliability and interpretability of model predictions. However, comprehensive evaluations of these methods across diverse code pre-trained model architectures and code intelligence tasks are lacking. To assess the effectiveness of code simplification methods, we conduct an empirical study integrating these code simplification methods with various pre-trained code models across multiple code intelligence tasks.",10.1145/3720540,https://dl.acm.org/doi/10.1145/3720540,"['Zongwen Shen', 'Yuning Li', 'Jidong Ge', 'Xiang Chen', 'Chuanyi Li', 'Liguo Huang', 'Bin Luo']","['applied computing', 'artificial intelligence', 'arts and humanities', 'computing methodologies', 'humancentered computing', 'information extraction', 'language translation', 'lexical semantics', 'machine learning', 'natural language generation', 'natural language processing', 'software and its engineering', 'visualization', 'visualization techniques']",2025,"[-1, 1]","['Ruído', 'Cenários de Uso']"
Automated Framework to Extract Software Requirements from Source Code,05 March 2024,"Software maintenance and innovation are constant challenges across industries, especially as programming languages evolve with technology. Similarly, poor lexicon quality degrades program comprehension, increasing the effort required by developers to improve existing software products. To address these challenges, we propose a novel automated framework that extracts software requirements directly from source code using a baseline AI language model applied to a Java code base. Leveraging natural language processing techniques, the framework validates programs and generates easily readable requirements by analyzing file contents. The framework enhances agility and flexibility by providing comprehensive documentation for existing software systems. It caters to both experienced and less-experienced developers, offering an intuitive graphical user interface and enabling efficient identification and resolution of errors. The resulting output facilitates natural interaction through language processing. By automating the extraction process, the framework allows developers to better understand software systems, make informed decisions, and adapt to evolving needs.",10.1145/3639233.3639242,https://dl.acm.org/doi/10.1145/3639233.3639242,"['Cameron Miskell', 'Richard Diaz', 'Parth Ganeriwala', 'Khaled Slhoub', 'Fitzroy Nembhard']","['artificial intelligence', 'computing methodologies', 'information extraction', 'natural language processing', 'software and its engineering', 'software creation and management', 'software evolution', 'software maintenance tools', 'software notations and tools', 'software postdevelopment issues', 'software version control']",2024,[1],['Cenários de Uso']
A Survey on Renamings of Software Entities,17 April 2020,"More than 70% of characters in the source code are used to label identifiers. Consequently, identifiers are one of the most important source for program comprehension. Meaningful identifiers are crucial to understand and maintain programs. However, for reasons like constrained schedule, inexperience, and unplanned evolution, identifiers may fail to convey the semantics of the entities associated with them. As a result, such entities should be renamed to improve software quality. However, manual renaming and recommendation are fastidious, time consuming, and error prone, whereas automating the process of renamings is challenging: (1) It involves complex natural language processing to understand the meaning of identifers; (2) It also involves difficult semantic analysis to determine the role of software entities. Researchers proposed a number of approaches and tools to facilitate renamings. We present a survey on existing approaches and classify them into identification of renaming opportunities, execution of renamings, and detection of renamings. We find that there is an imbalance between the three type of approaches, and most of implementation of approaches and evaluation dataset are not publicly available. We also discuss the challenges and present potential research directions. To the best of our knowledge, this survey is the first comprehensive study on renamings of software entities.",10.1145/3379443,https://dl.acm.org/doi/10.1145/3379443,"['Guangjie Li', 'Hui Liu', 'Ally S. Nyamawe']","['software and its engineering', 'software creation and management', 'software postdevelopment issues', 'software reverse engineering']",2020,[1],['Cenários de Uso']
Automating just-in-time comment updating,27 January 2021,"Code comments are valuable for program comprehension and software maintenance, and also require maintenance with code evolution. However, when changing code, developers sometimes neglect updating the related comments, bringing in inconsistent or obsolete comments (aka., bad comments). Such comments are detrimental since they may mislead developers and lead to future bugs. Therefore, it is necessary to fix and avoid bad comments. In this work, we argue that bad comments can be reduced and even avoided by automatically performing comment updates with code changes. We refer to this task as ""Just-In-Time (JIT) Comment Updating"" and propose an approach named CUP (<u>C</u>omment <u>UP</u>dater) to automate this task. CUP can be used to assist developers in updating comments during code changes and can consequently help avoid the introduction of bad comments. Specifically, CUP leverages a novel neural sequence-to-sequence model to learn comment update patterns from extant code-comment co-changes and can automatically generate a new comment based on its corresponding old comment and code change. Several customized enhancements, such as a special tokenizer and a novel co-attention mechanism, are introduced in CUP by us to handle the characteristics of this task. We build a dataset with over 108K comment-code co-change samples and evaluate CUP on it. The evaluation results show that CUP outperforms an information-retrieval-based and a rule-based baselines by substantial margins, and can reduce developers' edits required for JIT comment updating. In addition, the comments generated by our approach are identical to those updated by developers in 1612 (16.7%) test samples, 7 times more than the best-performing baseline.",10.1145/3324884.3416581,https://dl.acm.org/doi/10.1145/3324884.3416581,"['Zhongxin Liu', 'Xin Xia', 'Meng Yan', 'Shanping Li']","['maintaining software', 'software and its engineering', 'software creation and management', 'software evolution', 'software maintenance tools', 'software notations and tools', 'software postdevelopment issues']",2021,[1],['Cenários de Uso']
VarSem: declarative expression and automated inference of variable usage semantics,16 November 2020,"Programmers declare variables to serve specific implementation purposes that we refer to as variable usage semantics (VUS). Understanding VUS is required for various software engineering tasks, including program comprehension, code audits, and vulnerability detection. To help programmers understand VUS, we present a new program analysis that infers a variable's usage semantics from its textual and context information (e.g., symbolic name, type, scope, information flow). To support this analysis, we introduce VarSem, a domain-specific language, in which a variable's semantic category is expressed as a set of declarative rules. VarSem's execution determines which program variables belong to a given semantic category. VarSem translates high-level declarative rules into low-level program analysis techniques, including natural language processing and data flow, and provides a highly extensible architecture for specifying new rules and analysis techniques. We evaluate VarSem with eight real-world systems to identify their personally identifiable information variables. The evaluation results show that VarSem infers variable semantics with satisfying accuracy/precision and passable recall, thus potentially benefiting both software and security engineers.",10.1145/3425898.3426962,https://dl.acm.org/doi/10.1145/3425898.3426962,"['Yin Liu', 'Eli Tilevich']","['context specific languages', 'domain specific languages', 'operating systems security', 'security and privacy', 'software and its engineering', 'software notations and tools', 'systems security', 'trusted computing']",2020,[1],['Cenários de Uso']
Attention Distribution Graph: Visualizing Student’s Attention Transition in Error-finding Tasks,25 February 2022,"Various visualization methods have been proposed for eye movement analysis in programming education. However, most of them were utilized for the general scenario of program comprehension. In this paper, we focus on the eye movement visualization in a specified scenario of error-finding test, in which the students are asked to find multiple errors in a C-language program and submit the result by clicking the corresponding checkbox. A novel visualization scheme namely Attention Distribution Graph (ADG), is proposed to describe the line-level transition of student’s visual attention. We adopt time distance to click event and line number to describe the spatio-temporal space of eye movement, and color the space grids according to the proportion of fixation duration. Experiment results show that, from the distribution of colored grids in ADG, we can infer the student’s cognitive process in a successful error-finding task. It provides a normalized view to analyze the students’ eye movement toward a same bug, especially on the influence of preceding reading to the later decision.",10.1145/3488838.3488850,https://dl.acm.org/doi/10.1145/3488838.3488850,"['Ying Zhou', 'Wei Liu', 'Huitong Liu', 'Jing Xu', 'Wenqing Cheng']","['applied computing', 'computer science education', 'computing education', 'computing education programs', 'education', 'human computer interaction hci', 'humancentered computing', 'professional topics', 'social and professional topics']",2022,"[-1, 1, 2]","['Ruído', 'Cenários de Uso', 'Fluxo de Controle & Grafos']"
On the Equivalence of Information Retrieval Methods for Automated Traceability Link Recovery: A Ten-Year Retrospective,12 September 2020,"At ICPC 2010 we presented an empirical study to statistically analyze the equivalence of several traceability recovery methods based on Information Retrieval (IR) techniques [1]. We experimented the Vector Space Model (VSM) [2], Latent Semantic Indexing (LSI) [3], the Jensen-Shannon (JS) method [4], and Latent Dirichlet Allocation (LDA) [5]. Unlike previous empirical studies we did not compare the different IR based traceability recovery methods only using the usual precision and recall metrics. We introduced some metrics to analyze the overlap of the set of candidate links recovered by each method. We also based our analysis on Principal Component Analysis (PCA) to analyze the orthogonality of the experimented methods. The results showed that while the accuracy of LDA was lower than previously used methods, LDA was able to capture some information missed by the other exploited IR methods. Instead, JS, VSM, and LSI were almost equivalent. This paved the way to possible integration of IR based traceability recovery methods [6].",10.1145/3387904.3394491,https://dl.acm.org/doi/10.1145/3387904.3394491,"['Rocco Oliveto', 'Malcom Gethers', 'Denys Poshyvanyk', 'Andrea De Lucia']","['information retrieval', 'information systems', 'management of computing and information systems', 'professional topics', 'social and professional topics', 'software and its engineering', 'software creation and management', 'software maintenance', 'software management', 'software postdevelopment issues']",2020,"[-1, 1, 2]","['Ruído', 'Cenários de Uso', 'Fluxo de Controle & Grafos']"
Interpreting Multilingual and Document-Length Sensitive Relevance Computations in Neural Retrieval Models through Axiomatic Causal Interventions,13 July 2025,"This reproducibility study analyzes and extends the paper ''Ax- iomatic Causal Interventions for Reverse Engineering Relevance Computation in Neural Retrieval Models,'' which investigates how neural retrieval models encode task-relevant properties such as term frequency. We reproduce key experiments from the original paper, confirming that information on query terms is captured in the model encoding. We extend this work by applying activa- tion patching to Spanish and Chinese datasets and by exploring whether document-length information is encoded in the model as well. Our results confirm that the designed activation patching method can isolate the behavior to specific components and to- kens in neural retrieval models. Moreover, our findings indicate that the location of term frequency generalizes across languages and that in later layers, the information for sequence-level tasks is represented in the CLS token. The results highlight the need for further research into interpretability in information retrieval and reproducibility in machine learning research. Our code is available at https://github.com/OliverSavolainen/axiomatic-ir-reproduce.",10.1145/3726302.3730327,https://dl.acm.org/doi/10.1145/3726302.3730327,"['Oliver Savolainen', 'Dur e Najaf Amjad', 'Roxana Petcu']","['information retrieval', 'information systems', 'retrieval models and ranking']",2025,[1],['Cenários de Uso']
Gallery D.C: auto-created GUI component gallery for design search and knowledge discovery,19 October 2022,"GUI design is an integral part of software development. The process of designing a mobile application typically starts with the ideation and inspiration search from existing designs. However, existing information-retrieval based, and database-query based methods cannot efficiently gain inspirations in three requirements: design practicality, design granularity and design knowledge discovery. In this paper we propose a web application, called Gallery D.C. that aims to facilitate the process of user interface design through real world GUI component search. Gallery D.C. indexes GUI component designs using reverse engineering and deep learning based computer vision techniques on millions of real world applications. To perform an advanced design search and knowledge discovery, our approach extracts information about size, color, component type, and text information to help designers explore multi-faceted design space and distill higher-order of design knowledge. Gallery D.C. is well received via an informal evaluation with 7 professional designers.",10.1145/3510454.3516873,https://dl.acm.org/doi/10.1145/3510454.3516873,"['Sidong Feng', 'Chunyang Chen', 'Zhenchang Xing']",['software and its engineering'],2022,[1],['Cenários de Uso']
CIDER: concept-based interactive design recovery,19 October 2022,"In this paper, we introduce CIDER, a Concept-based Interactive DEsign Recovery tool that recovers a software design in the form of hierarchically organized concepts. In addition to facilitating design comprehension, it also enables designers to assess design quality and identify design problems. It integrates multiple clustering algorithms to reduce the complexity of the recovered design structure, leverages information retrieval techniques to name each cluster using the most relevant topic terms to ease design comprehension, and identifies and labels highly-coupled file clusters to reveal possible design problems. It enables interactive selection of concepts of interest and recovers partial design structures accordingly. The user can also interactively change the levels of recovered hierarchical structure to visualize the design at different granularities.",10.1145/3510454.3516861,https://dl.acm.org/doi/10.1145/3510454.3516861,"['Hongzhou Fang', 'Yuanfang Cai', 'Rick Kazman', 'Jason Lefever']","['information systems', 'software and its engineering', 'software creation and management', 'software notations and tools', 'software organization and properties', 'software postdevelopment issues', 'software reverse engineering']",2022,[1],['Cenários de Uso']
Multi-Modal Code Summarization with Retrieved Summary,03-03 October 2022,"A high-quality code summary describes the functionality and purpose of a code snippet concisely, which is key to program comprehension. Automatic code summarization aims to generate natural language summaries from code snippets automatically, which can save developers time and improve efficiency in development and maintenance. Recently, researchers mainly use neural machine translation (NMT) based approaches to fill this task. They apply a neural model to translate code snippets into natural language summaries. However, the performance of existing NMT-based approaches is limited. Although a summary and a code snippet are semantically related, they may not share common lexical tokens or language structures. Such a semantic gap between codes and summaries hinders the effect of NMT-based models. Only using code tokens to represent a code snippet cannot help NMT-based models overcome this gap. To solve this problem, in this paper, we propose a code summarization approach that incorporates lexical, syntactic and semantic modalities of codes. We treat code tokens as the lexical modality and the abstract syntax tree (AST) as the syntactic modality. To obtain the semantic modality, inspired by translation memory (TM) in NMT, we use the information retrieval (IR) technique to retrieve a relevant summary for a code snippet to describe its functionality. We propose a novel approach based on contrastive learning to build a retrieval model to retrieve semantically similar summaries. Our approach learns and fuses those different modalities using Transformer. We evaluate our approach on a large Java dataset, experiment results show that our approach outperforms the state-of-the-art approaches on automatic evaluation metrics BLEU, ROUGE and METEOR by 10%, 8% and 9%.",10.1109/SCAM55253.2022.00020,https://ieeexplore.ieee.org/document/10006848,"['Lile Lin', 'Zhiqiu Huang', 'Yaoshen Yu', 'Yapeng Liu']","['abstract syntax tree', 'automatic evaluation', 'code representation', 'code snippets', 'code summarization', 'codes', 'coding sequence', 'contrastive learning', 'gated recurrent unit', 'graph neural networks', 'information retrieval', 'input code', 'long shortterm memory', 'long shortterm memory unit', 'machine translation', 'maintenance engineering', 'meaning of codes', 'measurement', 'model performance', 'natural language', 'natural languages', 'neural machine translation', 'neural model', 'program comprehension', 'retrieval results', 'selfsupervised learning', 'semantic gap', 'semantic similarity', 'semantics', 'sequence of tokens', 'similar codes', 'source code', 'source coding', 'syntactics', 'tokenized', 'training set', 'transformer encoder', 'validation set', 'video summarization']",2022,"[-1, 1]","['Ruído', 'Cenários de Uso']"
Automating Just-In-Time Comment Updating,21-25 September 2020,"Code comments are valuable for program comprehension and software maintenance, and also require maintenance with code evolution. However, when changing code, developers sometimes neglect updating the related comments, bringing in inconsistent or obsolete comments (aka., bad comments). Such comments are detrimental since they may mislead developers and lead to future bugs. Therefore, it is necessary to fix and avoid bad comments. In this work, we argue that bad comments can be reduced and even avoided by automatically performing comment updates with code changes. We refer to this task as “Just-In-Time (JIT) Comment Updating” and propose an approach named CUP (Comment UPdater) to automate this task. CUP can be used to assist developers in updating comments during code changes and can consequently help avoid the introduction of bad comments. Specifically, CUP leverages a novel neural sequence-to-sequence model to learn comment update patterns from extant code-comment co-changes and can automatically generate a new comment based on its corresponding old comment and code change. Several customized enhancements, such as a special tokenizer and a novel co-attention mechanism, are introduced in CUP by us to handle the characteristics of this task. We build a dataset with over 108K comment-code co-change samples and evaluate CUP on it. The evaluation results show that CUP outperforms an information-retrieval-based and a rule-based baselines by substantial margins, and can reduce developers' edits required for JIT comment updating. In addition, the comments generated by our approach are identical to those updated by developers in 1612 (16.7%) test samples, 7 times more than the best-performing baseline.",,https://ieeexplore.ieee.org/document/9286136,"['Zhongxin Liu', 'Xin Xia', 'Meng Yan', 'Shanping Li']","['bidirectional long shortterm memory', 'code changes', 'code elements', 'code snippets', 'codecomment coevolution', 'comment updating', 'compound words', 'computer bugs', 'context vector', 'edit distance', 'long shortterm memory', 'maintenance engineering', 'multiple sentences', 'neural model', 'pretrained word embeddings', 'rulebased methods', 'seq2seq model', 'sequence editing', 'sequence of tokens', 'software artifacts', 'software engineering', 'software maintenance', 'source code', 'static analysis', 'substantial margin', 'task analysis', 'test samples', 'training set', 'types of comments', 'usage scenarios', 'validation set', 'word embedding']",2020,"[-1, 1]","['Ruído', 'Cenários de Uso']"
Scraping Sticky Leftovers: App User Information Left on Servers After Account Deletion,22-26 May 2022,"Sixty-five percent of mobile apps require user accounts for offering full-fledged functionality. Account information includes private data, e.g., address, phone number, credit card. Our concern is “leftover” account data kept on the server after account deletion, which can be a significant privacy violation. Specifically, we analyzed 1,435 popular apps from Google Play (and 771 associated websites), of which 678 have their own sign-up process, to answer questions such as: Can accounts be deleted at all? Following account deletion, will user data remain on the app’s servers? If so, for how long? Do apps keep their promise to remove data? Answering these questions, and more generally, understanding and tackling the leftover account problem, is challenging. A fundamental obstacle is that leftover data is manipulated and retained in a private space, on the app’s backend servers; we devised a novel, reverse-engineering approach to infer leftover data from app–server communication. Another obstacle is the distributed nature of this data: program analysis as well as information retrieval are required on both the app and its website. We have developed an end-to-end solution (static analysis, dynamic analysis, natural language processing) to the leftover account problem. First, our toolchain checks whether an app, or its website, support account deletion; next, it checks whether the app/website have a data retention policy, and whether the account is left on servers after deletion, or after the specified retention period; finally, it automatically cleans up leftover accounts. We found that 64.45% of apps do not offer any means for users to delete accounts; 2.5% of apps still keep account data on app servers even after accounts are deleted by users. Only 5% of apps specify a retention period; some of these apps violate their own policy by still retaining data months after the period has ended. Experiments show that our approach is effective, with an F-measure",10.1109/SP46214.2022.9833720,https://ieeexplore.ieee.org/document/9833720,"['Preethi Santhanam', 'Hoang Dang', 'Zhiyong Shan', 'Iulian Neamtiu']",[],2022,['Other'],['Cluster Other']
Hashing for cleaner reverse engineered queries for the Entity Comparison Problem in RDF Graphs,14-17 December 2020,"There are many information retrieval tasks over the Web, which cannot be attended with a simple keyword-based lookup search. Such an important exploratory search problem is the comparison of two Web resources. To manually compare two data resources by looking for information from one Web page to another without any software support is inefficient and time-consuming. This paper discusses a solution to automatize the comparison of two data resources present in a RDF graph. In our work, we provide an improvement over the current state-of-the-art method, by reverse engineering SPARQL queries using a hashing based recursive procedure. We empirically verify how hashing could largely benefit in reducing the size of the returned query and hence making it practically comprehensible for users or agents to understand the similarity concepts returned.",10.1109/WIIAT50758.2020.00028,https://ieeexplore.ieee.org/document/9457716,"['Priyam Tyagi', 'Mariana Curado Malta', 'Animesh Dutta']","['agents', 'dbpedia', 'empirical evaluation', 'entity pairs', 'exploratory search', 'graph problems', 'hash function', 'hashing', 'headquarters', 'information retrieval', 'input graph', 'knowledge discovery', 'list of entities', 'metadata', 'natural language', 'online resource', 'query variables', 'rdf', 'resource description framework', 'resource description framework graph', 'reverse engineering', 'search problems', 'semantic web', 'semantics', 'similar concepts', 'similar queries', 'similarity query', 'software', 'software agents', 'sparql', 'sparql query', 'time complexity', 'user tasks', 'virtual assistant', 'web pages']",2020,"[-1, 1]","['Ruído', 'Cenários de Uso']"
Data Mining Visual Inspection Information in Electrical Machine Maintenance Reports,05-08 September 2022,Visual inspections from industrial electrical machine maintenance contain information regarding fault causality and early indications. Predictive maintenance paradigms include increasing applications of machine learning. Natural text proves costly for processing and feature extraction. This work applies state-of-the-art natural language text processors in a Synchronous Generator maintenance report corpus to extract features and observe limitations. Results indicate a high level of correlation between text features and faults and are encouraging for extended application in the scope of electric machine predictive maintenance and repair. Reverse engineering of the procedure and specialization on the task can provide literature with an unexplored avenue of information retrieval. These innovative models can be trained and used for decision-making during scheduled outages. Information from well-trained classifiers can be extrapolated to advance fault causality understanding in broader electric machine research.,10.1109/ICEM51905.2022.9910720,https://ieeexplore.ieee.org/document/9910720,"['G. Falekas', 'D. Verginadis', 'A. Karlis', 'J. A. Antonino-Daviu']","['artificial intelligence', 'bert model', 'big data applications', 'causal analysis', 'computer aided engineering', 'condition monitoring', 'context awareness', 'correlation', 'data mining', 'dataset bias', 'dataset size', 'deep learning', 'electric machine', 'electric machines', 'electrical maintenance', 'feature extraction', 'high level of correlation', 'impaired mechanisms', 'information extraction', 'information retrieval', 'inspection', 'knowledge acquisition', 'natural language', 'numerical data', 'predictive maintenance', 'reverse engineering', 'sparks', 'supervised learning', 'text data', 'visual inspection', 'visualization', 'word embedding']",2022,"[-1, 0, 1]","['Ruído', 'Dependência & Correlação', 'Cenários de Uso']"
Reverse engineering approach for classes’ representations and interactions in software projects,21-23 September 2020,"Software life cycle is an essential process for all software projects. The costliest stage is the maintenance process, which needs a lot of effort to understand the current software. Therefore, software reverse engineering is widely used to deal with that challenge. This paper proposed a new approach to reverse engineer a modified UML class diagram that focuses on the internal structure of the class with detailed class metrics. Moreover, a class call graph is generated statically for the set of target classes. The proposed approach is applied to an open source project to demonstrate its effectiveness.",10.1049/icp.2021.0755,https://ieeexplore.ieee.org/document/9545856,"['A. Alalawi', 'M. Hammed']","['c programming', 'call graph', 'class diagram', 'class structure', 'java code', 'plot diagram', 'processing software', 'reverse engineering', 'sequence diagram', 'software engineering', 'source code', 'unified modeling language', 'xml file']",2020,"[-1, 1]","['Ruído', 'Cenários de Uso']"
Reverse Engineering UML Sequence Diagrams for Program Comprehension Activities,25-27 November 2020,"Program comprehension is a required activity for many software development and maintenance tasks. A common means of understanding software is though UML diagrams. UML diagrams model the design and implementation of an application, describing both its structure and behaviour. However with rapid software development life cycles, UML diagrams often become inconsistent with the implementation of an application. This limits their effectiveness in program comprehension activities. This paper presents a program analysis framework to reverse engineer sequence diagrams from application source code. Part of this framework is the ability to filter out irrelevant operations from a sequence diagram in order to simplify the representation of an application. This is achieved by identifying important data, and following its use in the application. The purpose of this framework is to aid in program comprehension activities by providing up to date representations of an application; while also enabling developers to identify the logical operation of a program without interference from irrelevant or supporting operations.",10.1109/CITISIA50690.2020.9371851,https://ieeexplore.ieee.org/document/9371851,"['Hayden Cheers', 'Yuqing Lin']","['agile development', 'application in order', 'authors of this paper', 'call sequences', 'control flow', 'detailed diagram', 'dynamic analysis', 'entry point', 'execution path', 'flow control', 'flow data', 'frameworks aim', 'implementation of applications', 'intelligent systems', 'interference', 'irrelevant details', 'java application', 'maintenance engineering', 'maintenance tasks', 'open application', 'parse tree', 'program analysis', 'program comprehension', 'return value', 'reverse engineering', 'sequence diagram', 'software', 'software development', 'software maintenance', 'source code', 'static analysis', 'task analysis', 'uml reverse engineering', 'understanding of applications', 'understanding of system', 'unified modeling language']",2020,"[-1, 1]","['Ruído', 'Cenários de Uso']"
The Visual Debugger Tool,03-07 October 2022,"Debugging is an essential part of software maintenance and evolution since it allows software developers to analyze program execution step by step. Understanding a program is required to fix potential flaws, alleviate bottlenecks, and implement new desired features. Thus, software developers spend a large percentage of their time validating and debugging software, resulting in high software maintenance and evolution cost. We aim to reduce this cost by providing a novel visual debugging tool to software developers to foster program comprehension during debugging. Our debugging tool visualizes program execution information graphically as an object diagram and is fully integrated into the popular Java development environment IntelliJ IDEA. Moreover, the object diagram allows interactions to explore program execution information in more detail. A demonstration of our tool is available at https://www.youtube.com/watch?v=lU_OgotweRk.",10.1109/ICSME55016.2022.00066,https://ieeexplore.ieee.org/document/9978211,"['Tim Kräuter', 'Harald König', 'Adrian Rutle', 'Yngve Lamo']","['application programming interface', 'behavioral model', 'costs', 'current scope', 'debugging', 'information for more details', 'integrated development environment', 'intellij idea plugin', 'interactive visualization', 'java', 'objectoriented', 'objects in the world', 'opensource tool', 'part of maintenance', 'parts list', 'program execution', 'sequence diagram', 'software development', 'software maintenance', 'software visualization', 'source code', 'text representation', 'unified modeling language', 'unit tests', 'visual components', 'visual debugger', 'visual debugging', 'visualization', 'visualization tool']",2022,"[-1, 1]","['Ruído', 'Cenários de Uso']"
"Let’s Ask Students About Their Programs, Automatically",20-21 May 2021,"Students sometimes produce code that works but that its author does not comprehend. For example, a student may apply a poorly-understood code template, stumble upon a working solution through trial and error, or plagiarize. Similarly, passing an automated functional assessment does not guarantee that the student understands their code. One way to tackle these issues is to probe students' comprehension by asking them questions about their own programs. We propose an approach to automatically generate questions about student-written program code. We moreover propose a use case for such questions in the context of automatic assessment systems: after a student's program passes unit tests, the system poses questions to the student about the code. We suggest that these questions can enhance assessment systems, deepen student learning by acting as self-explanation prompts, and provide a window into students' program comprehension. This discussion paper sets an agenda for future technical development and empirical research on the topic.",10.1109/ICPC52881.2021.00054,https://ieeexplore.ieee.org/document/9463046,"['Teemu Lehtinen', 'André L. Santos', 'Juha Sorva']","['active learning', 'assessment items', 'automatic assessment', 'automatic generation', 'automatic question generation', 'automatic system', 'education', 'intelligent tutoring systems', 'multiplechoice questions', 'plagiarism', 'probes', 'program code', 'program comprehension', 'program context', 'programming education', 'programming knowledge', 'proposals', 'selfexplanation', 'software', 'static analysis', 'student understanding', 'successful task performance', 'test failure', 'tutoring systems', 'unit tests', 'use of constructs']",2021,"[-1, 1]","['Ruído', 'Cenários de Uso']"
A Software Visualization Approach for Multiple Visual Output Devices,06-07 October 2024,"As software systems grow, environments that not only facilitate program comprehension through software visualization but also enable collaborative exploration of software systems become increasingly important. Most approaches to software visualization focus on a single monitor as a visual output device, which offers limited immersion and lacks in potential for collaboration. More recent approaches address augmented and virtual reality environments to increase immersion and enable collaboration to facilitate program comprehension. We present a novel approach to software visualization with software cities that fills a gap between existing approaches by using multiple displays or projectors. Thereby, an increase in screen real estate and new use case scenarios for co-located environments are enabled. Our web-based live trace visualization tool ExplorViz is extended with a service to synchronize the visualization across multiple browser instances. Multiple browser instances can then extend or complement each other's views with respect to a given configuration. The ARENA2, a spatially immersive visualization environment with five projectors, is used to showcase our approach. A preliminary study indicates that this environment can be useful for collaborative exploration of software cities. This publication is accompanied by a video. In addition, our implementation is open source and we invite other researchers to explore and adapt it for their use cases. Video URL: https://youtu.be/OiutBn3zIl8",10.1109/VISSOFT64034.2024.00020,https://ieeexplore.ieee.org/document/10794947,"['Malte Hansen', 'Heiko Bielfeldt', 'Armin Bernstetter', 'Tom Kwasnitschka', 'Wilhelm Hasselbring']","['2d space', '3d', '3d software', '3d visualization', 'browsers', 'city metaphor', 'cluster nodes', 'collaboration', 'collaborative interaction', 'configuration options', 'hardware configuration', 'hardware setup', 'headmounted display', 'immersive environment', 'interactive visualization', 'main nodes', 'monitoring', 'multiple devices', 'multiple outputs', 'program comprehension', 'projection matrix', 'projector', 'scientific visualization', 'single monitoring', 'software development', 'software systems', 'synchronization', 'system software', 'urban areas', 'use case scenarios', 'virtual camera', 'virtual reality', 'virtual reality devices', 'virtually', 'visual devices', 'visualization', 'visualization tool', 'web', 'webbased tool', 'webbased visualization', '—software visualization']",2024,"[-1, 1, 2]","['Ruído', 'Cenários de Uso', 'Fluxo de Controle & Grafos']"
Change-Patterns Mapping: A Boosting Way for Change Impact Analysis,16 February 2021,"Change impact analysis (CIA) is a specialized process of program comprehension that investigates the ripple effects of a code change in a software system. In this paper, we present a boosting way for change impact analysis via mapping the historical change-patterns to current CIA task in a cross-project scenario. The change-patterns reflect the coupling dependencies between changed entities in a change set. A traditional CIA tool (such as ImpactMiner) outputs an initial impact set for a starting entity. To boost the traditional CIA tool, our approach retrieves an equivalent entity from various historical change sets for the starting entity. Then, the change-patterns between the equivalent entity and the rest of entities in the change set are mapped to the CIA task at hand. For current CIA task, if an entity in the initial impact set involves the similar change-pattern with the starting entity when comparing with the mapped change-pattern, we will reward the impacted confidence of the entity. Accuracy improvements are observed in the experiments when applying our boosting method to three famous CIA tools, i.e., ImpactMiner, JRipples and ROSE.",10.1109/TSE.2021.3059481,https://ieeexplore.ieee.org/document/9354949,"['Yuan Huang', 'Jinyu Jiang', 'Xiapu Luo', 'Xiangping Chen', 'Zibin Zheng', 'Nan Jia']","['abstract syntax tree', 'analysis of the impact', 'average precision', 'average recall', 'boosting', 'boosting method', 'change impact analysis', 'changepatterns', 'class level', 'clone detection', 'code changes', 'coupling dependency', 'coupling relationship', 'couplings', 'current task', 'cutoff point', 'dotted circle', 'dynamic analysis', 'historical set', 'intersection over union', 'licenses', 'list of classes', 'part of the concept', 'precision and recall', 'random strategy', 'ranked list', 'rest of the class', 'ripple effect', 'semantic similarity', 'sequence of tokens', 'set of equations', 'set of papers', 'software', 'software systems', 'source code', 'static analysis', 'system software', 'task analysis', 'tools', 'variable levels']",2021,"[-1, 0, 1]","['Ruído', 'Dependência & Correlação', 'Cenários de Uso']"
Visualizing Complexity: A Dynamic Approach to Reverse Engineering,27-28 September 2024,"Reverse engineering extracts insights from code to reproduce systems or products, crucial for understanding legacy systems or updating outdated technology. This research emphasizes dynamic code visualization, overcoming the limitations of static analysis tools. Our solution enhances security and software development by improving understanding, documentation, debugging, and visualizing code execution flow, essential for identifying vulnerabilities and ensuring system integrity. Additionally, our tool generates UML-compliant class and sequence diagrams, providing a comprehensive view of both the static structure and dynamic behavior of the system.",10.1109/ACROSET62108.2024.10743279,https://ieeexplore.ieee.org/document/10743279,"['Ketki Balde', 'Lalji Prasad', 'Rashmi Yadav']","['aerodynamics', 'aging', 'class diagram', 'code analysis', 'codes', 'coding structure', 'complex software', 'customer experience', 'debugging', 'documentation', 'dynamic visualization', 'error detection', 'flow control', 'implementation of tools', 'interactive', 'java code', 'largescale development', 'parsing', 'processing software', 'registration process', 'reverse engineering', 'security vulnerabilities', 'sequence diagram', 'software development', 'software engineering', 'software maintenance', 'software product', 'software quality', 'source code', 'source coding', 'static analysis', 'static behavior', 'streamline', 'student journey', 'system design', 'systems architecture', 'technological innovation', 'visual representation', 'visualization']",2024,"[-1, 1]","['Ruído', 'Cenários de Uso']"
An Automatic Software Behavior Model Generation Method for Industrial Cyber-Physical System,20-23 July 2020,"Industrial Cyber-Physical Systems require more flexibility and resilience to meet the requirement of flexible manufacturing. Model-driven engineering methods are often linked with the development and deployment of distributed automation systems. However, most legacy systems currently do not have a system-level model or even source code, which hinders the maintenance of future-proof systems. With a huge amount of operation data collected by acquisition processes in the existing industrial systems, the system behavior model can be recovered but in an effective way. This paper proposes an automatic software behavior model recovery method based on data mining from industrial controllers. This method can recover and optimize the system models based on the state machines and largely reduce the computing power required for generating a system behavior state machine model. Finally, the proposed method was verified by the FSM model inferring and code generation using a color sorter example.",10.1109/INDIN45582.2020.9442085,https://ieeexplore.ieee.org/document/9442085,"['Weiqi Sun', 'Wenbin Dai']","['automatic model', 'behavioral model', 'code recovery', 'color sensor', 'computational modeling', 'correlated variables', 'cyberphysical systems', 'data mining', 'data models', 'decision rules', 'finite state machine fsm', 'functional blocks', 'huge amount of data', 'independent modules', 'industrial control', 'industrial control systems', 'industrial cyberphysical systems', 'industrial systems', 'machine model', 'maintenance engineering', 'manufacturing', 'model drive engineering', 'model driven engineering', 'model inference', 'model system', 'reverse engineering', 'reverse engineering re', 'software', 'source code', 'state machine', 'system state', 'transition conditions', 'transition state', 'truth table', 'variety of systems']",2020,"[-1, 0, 1]","['Ruído', 'Dependência & Correlação', 'Cenários de Uso']"
Using Large Language Models to Extract UML Class Diagrams from Java Programs,04-06 April 2025,"Many organizations rely on software systems to perform their core business operations. These systems often require modernization to accommodate new requirements and demands over time. Visual representations and diagrams help maintainers to understand these systems and to assist their maintenance and evolution. Reverse engineering is used to extract different representations of software systems, and the modeldriven engineering (MDE) approach can be used to assist the reverse engineering process, leading to model-driven reverse engineering (MDRE). Large Language Models (LLMs) are an advanced deep learning (DL) technology increasingly being applied in various domains. Despite this, the use of LLMs to extract diagrams from source code has rarely been used. In this paper, we introduce a novel MDRE framework, LLM4Models, that extracts UML class diagrams from Java source code files using LLMs. The paper also introduces a set of rules to extract UML class diagram representations. These rules have been implemented to create training data samples, which are then used to fine-tune the pre-trained LLM. Finally, the proposed framework is explained with an illustrative example and then evaluated.",10.1109/ICoSSE65712.2025.00020,https://ieeexplore.ieee.org/document/11087938,"['Hanan Abdulwahab Siala', 'Kevin Lano']","['abstract and concrete', 'class assignment', 'class diagram', 'dependent relationship', 'illustrative example', 'java', 'java code', 'java programming', 'java programs', 'large language models', 'large language models llms', 'legacy systems', 'machine learning', 'modeldriven reverse engineering mdre', 'programming language', 'reverse engineering', 'reversible process', 'sequence diagram', 'software systems', 'source code', 'source coding', 'syntactic', 'system software', 'systems engineering and theory', 'training', 'training data', 'unidirectional relationship', 'unified modeling language', 'unified modeling language uml', 'visualization']",2025,"[-1, 0, 1]","['Ruído', 'Dependência & Correlação', 'Cenários de Uso']"
Manual Abstraction in the Wild: A Multiple-Case Study on OSS Systems’ Class Diagrams and Implementations,01-06 October 2023,"Models are a useful tool for software design, analysis, and to support the onboarding of new maintainers. However, these benefits are often lost over time, as the system implementation evolves and the original models are not updated. Reverse engineering methods and tools could help to keep models and implementation code in sync; however, automatically reverse-engineered models are typically not abstract and contain extensive information that prevents understanding. Recent advances in AI-based content generation make it likely that we will soon see reverse engineering tools with support for human-grade abstraction. To inform the design and validation of such tools, we need a principled understanding of what manual abstraction is, a question that has received little attention in the literature so far.Towards this goal, in this paper, we present a multiple-case study of model-to-code differences, investigating five substantial open-source software projects retrieved via repository mining. To explore characteristics of model-to-code differences, we, all in all, manually matched 466 classes, 1352 attributes, and 2634 operations from source code to 338 model elements (classes, attributes, operations, and relationships). These mappings precisely capture the differences between a provided class diagram design and implementation codebase. Studying all differences in detail allowed us to derive a taxonomy of difference types and to provide a sorted list of cases corresponding to the identified types of differences. As we discuss, our contributions pave the way for improved reverse engineering methods and tools, new mapping rules for model-to-code consistency checks, and guidelines for avoiding over-abstraction and over-specification during design.",10.1109/MODELS58315.2023.00017,https://ieeexplore.ieee.org/document/10343882,"['Wenli Zhang', 'Weixing Zhang', 'Daniel Strüber', 'Regina Hebig']","['analytical models', 'class assignment', 'class diagram', 'code elements', 'code implementation', 'code version', 'codes', 'consistency checks', 'differences in type', 'image formation', 'inaccuracy', 'manual abstraction', 'manuals', 'model code', 'modeling', 'multiple case study', 'open source software projects', 'opensource projects', 'opinions of participants', 'project selection', 'refactoring', 'return type', 'reverse engineering', 'software design', 'source code', 'source coding', 'synchronization', 'taxonomy', 'technological tools']",2023,"[-1, 1]","['Ruído', 'Cenários de Uso']"
Mapping features to source code based on execution trace,21-23 November 2021,"One of the important activities in software maintenance is to understand the software system before implementing any change in the software. Mapping software features to their relevant source code is one aspect of software comprehension. In this paper, we propose a full dynamic feature location technique to map the source code to the relevant functional features. The proposed solution aims to use execution trace to do the required mapping. The developer first uses a scenario to exercise a feature to generate the required execution trace. Second, the developer formulates a text query to describe the feature of interest in a natural language, to retrieve and rank the relevant methods from the generated execution trace. Distance software metrics are proposed to measure the distance between the raked methods. The solution is evaluated by using the ArgoUML Java case study to show the effectiveness of the proposed solution. The results of the evaluation show the accuracy of allocating methods in the source code to the related feature is increased by using the proposed methodology.",10.1049/icp.2022.0316,https://ieeexplore.ieee.org/document/9770600,"['F. Buzaid', 'M. Hammad']","['distance metrics', 'dynamic metrics', 'enterprise level', 'information retrieval', 'instrumentation', 'interesting feature', 'list of methods', 'natural language', 'original form', 'programming language', 'ranking method', 'relevant codes', 'relevant methods', 'sequence diagram', 'single trace', 'software features', 'software maintenance', 'source code', 'system software', 'term frequencyinverse document frequency', 'xml file', 'xml format']",2021,"[-1, 1]","['Ruído', 'Cenários de Uso']"
The Use of UML Diagrams to Enhance Dynamic Feature Location Techniques,20-21 November 2022,"Unified Modeling Language (UML) is an efficient technique that can be implemented to model and visualize an object-oriented system that suffers from lack or poor documentation. UML diagrams enhance the developers’ understanding the software system to apply software maintenance, software evaluation, or Dynamic Feature Location Techniques (DFLTs). The construction of UML diagrams is based on dynamic or static analysis. Dynamic analysis refers to collecting data when the system executes to generate execution traces, while static analysis refers to collecting the data from the source code. This paper implements UML diagrams in both directions, dynamic and static analysis, to enhance the software programmers applying DFLTs. A use case scenario diagram is used to specify the inputs of the DFLTs based on static analysis. In contrast, class diagrams and object diagrams are used to locate the required software artifacts of source code to construct the exercised feature based on dynamic analysis. Each created use case scenario generates an execution trace. The collected execution trace is analyzed to build class and object diagrams. The implemented case study illustrates the process of the proposed approach and shows that using UML diagrams increases the accuracy of applying DFLTs.",10.1109/3ICT56508.2022.9990768,https://ieeexplore.ieee.org/document/9990768,"['Faisal Buzaid', 'Fawzi Albalooshi', 'Wael Elmedany']","['automated teller machines', 'case scenario', 'class diagram', 'documentation', 'dynamic analysis', 'execution trace', 'feature location', 'feature location techniques', 'hierarchical view', 'instrumental techniques', 'number of objects', 'object oriented modeling', 'objectoriented', 'parse tree', 'partofspeech', 'programming language', 'proper nouns', 'regular expressions', 'set of stories', 'software comprehension', 'software development', 'software features', 'software maintenance', 'source code', 'source coding', 'static analysis', 'system software', 'technological innovation', 'text file', 'unified modeling language', 'unified modelling language', 'unified modelling language diagrams', 'use case scenarios', 'vector space model']",2022,"[-1, 1]","['Ruído', 'Cenários de Uso']"
Assessing Semantic Frames to Support Program Comprehension Activities,20-21 May 2021,"Software developers often rely on natural language text that appears in software engineering artifacts to access critical information as they build and work on software systems. For example, developers access requirements documents to understand what to build, comments in source code to understand design decisions, answers to questions on Q&A sites to understand APIs, and so on. To aid software developers in accessing and using this natural language information, soft-ware engineering researchers often use techniques from natural language processing. In this paper, we explore whether frame semantics, a general linguistic approach, which has been used on requirements text, can also help address problems that occur when applying lexicon analysis based techniques to text associated with program comprehension activities. We assess the applicability of generic semantic frame parsing for this purpose, and based on the results, we propose SEFrame to tailor semantic frame parsing for program comprehension uses. We evaluate the correctness and robustness of the approach finding that SEFrame is correct in between 73% and 74% of the cases and that it can parse text from a variety of software artifacts used to support program comprehension. We describe how this approach could be used to enhance existing approaches to identify meaning on intention from software engineering texts.",10.1109/ICPC52881.2021.00011,https://ieeexplore.ieee.org/document/9462995,"['Arthur Marques', 'Giovanni Viviani', 'Gail C. Murphy']","['app reviews', 'authors of this paper', 'bug reports', 'correct frame', 'empirical software engineering', 'frame elements', 'lexical units', 'linguistics', 'mailing lists', 'meaning of the text', 'misclassification error', 'natural language', 'number of sentences', 'problem of finding', 'program comprehension', 'reliability engineering', 'requirements engineering', 'robustness', 'semantic', 'semantics', 'software', 'software development', 'software discussions', 'software engineering', 'software requirements', 'software systems', 'stack overflow', 'textual patterns', 'tools', 'types of artifacts', 'user reviews']",2021,"[-1, 1]","['Ruído', 'Cenários de Uso']"
On the Effectiveness of Large Language Models in Statement-level Code Summarization,01-05 July 2024,"Code comments are crucial for program comprehension, and the automated generation of comments greatly enhances the efficiency of code commenting. Statement-level code summarization represents the finest granularity of code summarization, typically encompassing explanations of the purpose and functionality of code statements. Large Language Models (LLMs) are deep learning models trained on massive text data. They possess not only the capability to generate natural language text but also to deeply understand the meaning of text, applicable to various natural language processing tasks such as text summarization, question answering, and translation. Currently, LLMs have demonstrated the ability to generate summaries for code. In this paper, we systematically investigate the capability of LLMs to generate statement-level code summaries. we construct a dataset for statement-level code summarization and evaluate the ability of large language models on statement-level code summarization. For further research, we investigate the impact of different prompting techniques. We also study the effect of the temperature parameter on the quality of generated summaries. Additionally, we compare large language models with the state-of-the-art pretrained model CodeT5 and find out that large language models have great potential to replace pre-trained models and become the new state-of-the-art models on statement-level code summarization. To ensure the reliability of automatic evaluation, we also conduct human evaluation. Our findings emphasize the transformative potential of LLMs on statement-level code summarization and the challenges yet to be overcome.",10.1109/QRS62785.2024.00030,https://ieeexplore.ieee.org/document/10684656,"['Jie Zhu', 'Yun Miao', 'Tingting Xu', 'Junwu Zhu', 'Xiaolei Sun']","['automatic evaluation', 'bar width', 'binary code', 'code blocks', 'code snippets', 'code summarization', 'codes', 'entire function', 'individual statements', 'language model', 'large language models', 'latent space', 'manual assessment', 'measurement', 'natural language', 'natural language processing tasks', 'pretrained language models', 'programming', 'programming language', 'quantum state', 'question answering information retrieval', 'relevant metrics', 'semantic similarity', 'software quality', 'source code', 'source code summarization', 'statementlevel code summarization', 'temperature parameters', 'text similarity', 'text summarization', 'video summarization']",2024,"[-1, 1]","['Ruído', 'Cenários de Uso']"
Towards Understanding Machine Learning Testing in Practise,15-16 May 2023,"Visualisations drive all aspects of the Machine Learning (ML) Development Cycle but remain a vastly untapped resource by the research community. ML testing is a highly interactive and cognitive process which demands a human-in-the-loop approach. Besides writing tests for the code base, bulk of the evaluation requires application of domain expertise to generate and interpret visualisations. To gain a deeper insight into the process of testing ML systems, we propose to study visualisations of ML pipelines by mining Jupyter notebooks. We propose a two prong approach in conducting the analysis. First, gather general insights and trends using a qualitative study of a smaller sample of notebooks. And then use the knowledge gained from the qualitative study to design an empirical study using a larger sample of notebooks. Computational notebooks provide a rich source of information in three formats—text, code and images. We hope to utilise existing work in image analysis and Natural Language Processing for text and code, to analyse the information present in notebooks. We hope to gain a new perspective into program comprehension and debugging in the context of ML testing.",10.1109/CAIN58948.2023.00028,https://ieeexplore.ieee.org/document/10164773,"['Arumoy Shome', 'Luís Cruz', 'Arie van Deursen']","['ai engineering', 'codes', 'cognitive processes', 'computational notebooks', 'data mining', 'debugging', 'development cycle', 'image analysis', 'jupyter notebook', 'machine learning', 'machine learning models', 'machine learning pipeline', 'machine learning systems', 'machine learning testing', 'market research', 'natural language processing', 'new perspective', 'nlp for code', 'pipelines', 'research community', 'rich source of information', 'testing process', 'visualization', 'writing']",2023,"[-1, 1, 2]","['Ruído', 'Cenários de Uso', 'Fluxo de Controle & Grafos']"
Exploring Large Language Models for Method Name Prediction,01-05 July 2024,"High-quality method names are crucial for program comprehension and maintenance. However, method naming is a challenging task, especially for inexperienced developers. To alleviate this difficulty, various deep-learning techniques have been proposed to predict appropriate names for given method code bodies. The recent advent of Large Language Models (LLMs) has showcased outstanding performance in Natural Language Processing (NLP), leaving a profound impression on the software engineering (SE) community. LLMs have been applied to several SE tasks, e.g., code summarization, demonstrating their significant potential. However, there has not yet been a systematic and comprehensive investigation into how to adapt LLMs to method name prediction (MNP) tasks and their performance on such tasks. To fill this gap, in this paper, we conduct the first empirical study to understand the capabilities of LLMs in MNP tasks. Firstly, we examine LLMs’ comprehension abilities and interaction patterns in the MNP task, testing various prompts and temperature parameters. Results indicate that LLMs excel under 0 temperature and a few-shot prompt template. Following this, we compare the performance of prompt-guided LLMs and fine-tuned PLMs, with GPT-3.5 performing best among LLMs and CodeT5 leading among PLMs, with minimal performance disparity. SentenceBert with Cosine Similarity (SBCS) has been introduced to quantify the semantic differences between predicted and ground-truth names. Lastly, the manual review highlights human evaluations outperforming F1 metrics for LLMs, with issues such as global information lack and dataset quality affecting performance identified through case analysis.",10.1109/QRS62785.2024.00028,https://ieeexplore.ieee.org/document/10684588,"['Hanwei Qian', 'Tingting Xu', 'Ziqi Ding', 'Wei Liu', 'Shaomin Zhu']","['artificial neural network', 'code generation', 'code snippets', 'codes', 'comprehension ability', 'control flow graph', 'f1 score', 'fewshot learning', 'gpt35', 'language model', 'large language model', 'large language models', 'manuals', 'method name prediction', 'natural language', 'natural language processing', 'natural language understanding', 'precision and recall', 'pretrained language models', 'programming language', 'scenario description', 'semantic', 'semantics', 'software quality', 'systematics', 'types of models']",2024,"[-1, 1]","['Ruído', 'Cenários de Uso']"
Message from NLBSE 2025 Program Chairs,27-28 April 2025,"Natural Language Processing (NLP) refers to the automated elaboration of human language, including both algorithms that take human-produced text as input and algorithms that produce natural-looking text as outputs. NLP is widely used to optimize many aspects of the software development process. Since natural language artifacts are used and reused during the software development life-cycle, the availability of natural language-based approaches and tools has led to improvements in the software process and product efficiency. Indeed, NLP approaches (including LLMs) have proven useful for retrieving key information from a wide range of structured or unstructured sources. Besides, they show promise for the automated generation of fine-grained source code documentation to ease program comprehension and maintenance activities. Literature has shown that many software engineering (SE)-related tasks can benefit from adopting NLP techniques. The main objective of the Natural Language-Based Software Engineering Workshop (NLBSE) is to bring together researchers and industrial practitioners from the NLP and SE communities to share experiences. Our workshop aims to provide directions for future research and encourage the development of increasingly effective NLP solutions for addressing SE-specific challenges.",10.1109/NLBSE66842.2025.00005,https://ieeexplore.ieee.org/document/11029441,"['Maliheh Izadi', 'Andrea Di Sorbo', 'Sebastiano Panichella']","['delft university of technology', 'industry practitioners', 'maintenance activities', 'natural language', 'natural language processing approaches', 'natural language processing techniques', 'processing software', 'requirements engineering', 'software artifacts', 'software development', 'software engineering']",2025,"[-1, 1]","['Ruído', 'Cenários de Uso']"
